Manager,Alpha,Sharpe Ratio,Volatility,Active Share,Annualized Return
Aurora Capital,0.05459342087071,10.55873213756709,0.0184950287766965,88.15815213714595,2.983443533513541
Summit Partners,0.35789504739407,27.50567385125253,0.0181266484853047,61.38587065020893,6.7853300130102046
Evergreen Investments,0.30622529203889004,23.02177380272697,0.0194127494139908,67.76391828811576,6.128691748060633
BlueRock Advisors,0.36397084057344997,26.053238476729863,0.0193703932385689,71.74492133907704,6.862787641641033
Ironclad Funds,0.5804392322497399,38.092397576176715,0.0189310705546076,57.27246388606639,9.65628684615767
Benchmark Index,0.0,7.742837818217667,,0.0,2.3124403380973435
